{
  "version": 1,
  "author": "KACHAKORN KEAWSURIYA",
  "editor": "wokwi",
  "parts": [
    { "type": "wokwi-breadboard-half", "id": "bb1", "top": -147, "left": -131.6, "attrs": {} },
    { "type": "board-esp32-devkit-c-v4", "id": "esp", "top": 76.8, "left": -4.76, "attrs": {} },
    {
      "type": "wokwi-dht22",
      "id": "dht1",
      "top": -143.7,
      "left": -15,
      "attrs": { "temperature": "-21.6", "humidity": "58.5" }
    },
    {
      "type": "wokwi-resistor",
      "id": "r1",
      "top": -15.25,
      "left": -48,
      "attrs": { "value": "4700" }
    },
    { "type": "wokwi-potentiometer", "id": "pot1", "top": -145.3, "left": -269, "attrs": {} }
  ],
  "connections": [
    [ "esp:TX", "$serialMonitor:RX", "", [] ],
    [ "esp:RX", "$serialMonitor:TX", "", [] ],
    [ "dht1:VCC", "bb1:12b.f", "", [ "$bb" ] ],
    [ "dht1:SDA", "bb1:13b.f", "", [ "$bb" ] ],
    [ "dht1:NC", "bb1:14b.f", "", [ "$bb" ] ],
    [ "dht1:GND", "bb1:15b.f", "", [ "$bb" ] ],
    [ "r1:1", "bb1:7b.h", "", [ "$bb" ] ],
    [ "r1:2", "bb1:13b.h", "", [ "$bb" ] ],
    [ "bb1:15b.g", "bb1:bn.12", "black", [ "v0" ] ],
    [ "bb1:12b.g", "bb1:7b.g", "red", [ "v0" ] ],
    [ "bb1:9b.g", "bb1:8b.g", "red", [ "v0" ] ],
    [ "bb1:7b.i", "bb1:bp.6", "red", [ "v0" ] ],
    [ "bb1:13b.i", "esp:27", "green", [ "v86.4", "h-28.8", "v115.2" ] ],
    [ "esp:GND.2", "bb1:bn.25", "black", [ "v0", "h76.8" ] ],
    [ "esp:3V3", "bb1:bp.1", "red", [ "h-105.45", "v-67.2" ] ],
    [ "pot1:VCC", "bb1:bp.2", "red", [ "v105.6", "h133.6" ] ],
    [ "pot1:GND", "bb1:bn.2", "black", [ "v144", "h153.6" ] ],
    [ "pot1:SIG", "esp:VP", "blue", [ "v0" ] ]
  ],
  "dependencies": {}
}