[
  {
    "title": "การวิเคราะห์ระบบ (System Analysis) คืออะไร?",
    "choice": [
      { "id": 1, "title": "กระบวนการวางแผนและพัฒนาระบบ" },
      { "id": 2, "title": "การจัดการทรัพยากรในระบบ" },
      { "id": 3, "title": "การทำความเข้าใจและปรับปรุงระบบปัจจุบัน" },
      { "id": 4, "title": "การออกแบบฐานข้อมูล" }
    ],
    "answerid": 3
  },
  {
    "title": "ขั้นตอนใดเป็นส่วนหนึ่งของ System Development Life Cycle (SDLC)?",
    "choice": [
      { "id": 1, "title": "Analysis" },
      { "id": 2, "title": "Deployment" },
      { "id": 3, "title": "Maintenance" },
      { "id": 4, "title": "ทั้งหมดที่กล่าวมา" }
    ],
    "answerid": 4
  },
  {
    "title": "เอกสารใดที่ใช้เก็บความต้องการของผู้ใช้งาน?",
    "choice": [
      { "id": 1, "title": "User Manual" },
      { "id": 2, "title": "Requirement Specification Document (RSD)" },
      { "id": 3, "title": "Test Case Document" },
      { "id": 4, "title": "Project Plan" }
    ],
    "answerid": 2
  },
  {
    "title": "ข้อใดคือเป้าหมายหลักของการวิเคราะห์ระบบ?",
    "choice": [
      { "id": 1, "title": "แก้ไขปัญหาในระบบเดิม" },
      { "id": 2, "title": "พัฒนาระบบใหม่ที่ตอบโจทย์ความต้องการของผู้ใช้งาน" },
      { "id": 3, "title": "ออกแบบฐานข้อมูล" },
      { "id": 4, "title": "บำรุงรักษาเซิร์ฟเวอร์" }
    ],
    "answerid": 2
  },
  {
    "title": "ข้อใดเป็นเทคนิคที่ใช้ในการเก็บความต้องการจากผู้ใช้?",
    "choice": [
      { "id": 1, "title": "Interview" },
      { "id": 2, "title": "Questionnaire" },
      { "id": 3, "title": "Observation" },
      { "id": 4, "title": "ทั้งหมดที่กล่าวมา" }
    ],
    "answerid": 4
  },
  {
    "title": "Data Flow Diagram (DFD) ใช้ทำอะไร?",
    "choice": [
      { "id": 1, "title": "วิเคราะห์โครงสร้างของฐานข้อมูล" },
      { "id": 2, "title": "แสดงการไหลของข้อมูลในระบบ" },
      { "id": 3, "title": "สร้างหน้าจอ UI ของระบบ" },
      { "id": 4, "title": "จำลองการทำงานของระบบเซิร์ฟเวอร์" }
    ],
    "answerid": 2
  },
  {
    "title": "Entity-Relationship Diagram (ERD) ใช้สำหรับอะไร?",
    "choice": [
      { "id": 1, "title": "ออกแบบโครงสร้างของฐานข้อมูล" },
      { "id": 2, "title": "วิเคราะห์โครงสร้างโปรแกรม" },
      { "id": 3, "title": "จัดการไฟล์ข้อมูล" },
      { "id": 4, "title": "จำลองการทำงานของระบบ" }
    ],
    "answerid": 1
  },
  {
    "title": "Stakeholder หมายถึงอะไรในกระบวนการวิเคราะห์ระบบ?",
    "choice": [
      { "id": 1, "title": "บุคคลหรือกลุ่มที่มีส่วนเกี่ยวข้องในโครงการ" },
      { "id": 2, "title": "บุคคลที่พัฒนาโครงการ" },
      { "id": 3, "title": "เครื่องมือที่ใช้ในการพัฒนา" },
      { "id": 4, "title": "เอกสารที่เกี่ยวข้องกับโครงการ" }
    ],
    "answerid": 1
  },
  {
    "title": "Use Case Diagram ใช้ทำอะไร?",
    "image": "https://d2slcw3kip6qmk.cloudfront.net/marketing/pages/chart/what-is-a-use-case-diagram-in-UML/UML_use_case_example-800x707.PNG",
    "choice": [
      { "id": 1, "title": "วิเคราะห์โครงสร้างฐานข้อมูล" },
      { "id": 2, "title": "ระบุการโต้ตอบระหว่างผู้ใช้และระบบ" },
      { "id": 3, "title": "จำลองกระบวนการทำงานของเซิร์ฟเวอร์" },
      { "id": 4, "title": "ออกแบบรูปแบบหน้าจอระบบ" }
    ],
    "answerid": 2
  },
  {
    "title": "ข้อใดเป็นตัวอย่างของ Functional Requirement?",
    "choice": [
      { "id": 1, "title": "ระบบต้องสามารถแสดงรายงานยอดขายได้" },
      { "id": 2, "title": "ระบบต้องสามารถรองรับผู้ใช้งานพร้อมกัน 1,000 คน" },
      { "id": 3, "title": "ระบบต้องตอบสนองภายในเวลา 2 วินาที" },
      { "id": 4, "title": "ระบบต้องใช้งานได้บนทุกเบราว์เซอร์" }
    ],
    "answerid": 1
  },
  {
    "title": "ข้อใดเป็นตัวอย่างของ Non-Functional Requirement?",
    "choice": [
      { "id": 1, "title": "ระบบต้องสามารถบันทึกข้อมูลผู้ใช้งานได้" },
      { "id": 2, "title": "ระบบต้องรองรับการทำงานแบบ Responsive Design" },
      { "id": 3, "title": "ระบบต้องสามารถสร้างใบเสนอราคาได้" },
      { "id": 4, "title": "ระบบต้องแสดงผลรายงานข้อมูลการขาย" }
    ],
    "answerid": 2
  },
  {
    "title": "Feasibility Study ในการวิเคราะห์ระบบเกี่ยวข้องกับอะไร?",
    "choice": [
      { "id": 1, "title": "การประเมินความเป็นไปได้ของโครงการ" },
      { "id": 2, "title": "การออกแบบระบบ" },
      { "id": 3, "title": "การพัฒนาซอฟต์แวร์" },
      { "id": 4, "title": "การบำรุงรักษาระบบ" }
    ],
    "answerid": 1
  }
]
