{
  "version": 1,
  "author": "KACHAKORN KEAWSURIYA",
  "editor": "wokwi",
  "parts": [
    { "type": "wokwi-breadboard-half", "id": "bb1", "top": -41.4, "left": -170, "attrs": {} },
    { "type": "board-esp32-devkit-c-v4", "id": "esp", "top": 182.4, "left": -62.36, "attrs": {} },
    { "type": "wokwi-led", "id": "led1", "top": 34.8, "left": 51.8, "attrs": { "color": "red" } },
    {
      "type": "wokwi-resistor",
      "id": "r1",
      "top": 80.75,
      "left": 0,
      "attrs": { "value": "160000" }
    },
    {
      "type": "wokwi-dht22",
      "id": "dht1",
      "top": -105.3,
      "left": -101.4,
      "attrs": { "temperature": "28.1" }
    },
    {
      "type": "wokwi-resistor",
      "id": "r2",
      "top": 80.75,
      "left": 76.8,
      "attrs": { "value": "160000" }
    },
    {
      "type": "wokwi-resistor",
      "id": "r3",
      "top": 23.15,
      "left": -134.4,
      "attrs": { "value": "4700" }
    },
    {
      "type": "wokwi-led",
      "id": "led2",
      "top": 34.8,
      "left": -25,
      "attrs": { "color": "yellow" }
    }
  ],
  "connections": [
    [ "esp:TX", "$serialMonitor:RX", "", [] ],
    [ "esp:RX", "$serialMonitor:TX", "", [] ],
    [ "bb1:7t.b", "bb1:2t.b", "red", [ "v0" ] ],
    [ "bb1:2t.d", "bb1:bp.2", "red", [ "v19.2", "h19.2" ] ],
    [ "esp:3V3", "bb1:bp.1", "red", [ "h-86.25", "v-57.6" ] ],
    [ "esp:GND.2", "bb1:bn.1", "black", [ "v-38.4", "h-172.8" ] ],
    [ "bb1:10t.e", "bb1:bn.8", "black", [ "v0" ] ],
    [ "bb1:8t.d", "esp:27", "green", [ "v0" ] ],
    [ "led1:A", "bb1:24b.f", "", [ "$bb" ] ],
    [ "led1:C", "bb1:23b.f", "", [ "$bb" ] ],
    [ "r1:1", "bb1:16b.g", "", [ "$bb" ] ],
    [ "r1:2", "bb1:22b.g", "", [ "$bb" ] ],
    [ "dht1:VCC", "bb1:7t.a", "", [ "$bb" ] ],
    [ "dht1:SDA", "bb1:8t.a", "", [ "$bb" ] ],
    [ "dht1:NC", "bb1:9t.a", "", [ "$bb" ] ],
    [ "dht1:GND", "bb1:10t.a", "", [ "$bb" ] ],
    [ "r2:1", "bb1:24b.g", "", [ "$bb" ] ],
    [ "r2:2", "bb1:30b.g", "", [ "$bb" ] ],
    [ "r3:1", "bb1:2t.c", "", [ "$bb" ] ],
    [ "r3:2", "bb1:8t.c", "", [ "$bb" ] ],
    [ "led2:A", "bb1:16b.f", "", [ "$bb" ] ],
    [ "led2:C", "bb1:15b.f", "", [ "$bb" ] ],
    [ "bb1:15b.g", "bb1:bn.12", "black", [ "v0" ] ],
    [ "bb1:23b.g", "bb1:bn.19", "black", [ "v0" ] ],
    [ "bb1:22b.h", "esp:16", "green", [ "v0" ] ],
    [ "bb1:30b.h", "esp:17", "green", [ "v0" ] ]
  ],
  "dependencies": {}
}